{
    "model_name": "Gradientboosting",
    "classification_report": {
        "FALSE POSITIVE": {
            "precision": 0.880141530296329,
            "recall": 0.8140724074452853,
            "f1-score": 0.8458187227712252,
            "support": 4889.0
        },
        "CANDIDATE": {
            "precision": 0.8303474061380277,
            "recall": 0.8808461411336969,
            "f1-score": 0.8548516439454691,
            "support": 6051.0
        },
        "CONFIRMED": {
            "precision": 0.8375318426266629,
            "recall": 0.8372948500282965,
            "f1-score": 0.8374133295599264,
            "support": 3534.0
        },
        "accuracy": 0.847657869282852,
        "macro avg": {
            "precision": 0.8493402596870064,
            "recall": 0.844071132869093,
            "f1-score": 0.8460278987588735,
            "support": 14474.0
        },
        "weighted avg": {
            "precision": 0.8489209360233926,
            "recall": 0.847657869282852,
            "f1-score": 0.847542748363088,
            "support": 14474.0
        }
    },
    "confusion_matrix": {
        "labels": [
            "FALSE POSITIVE",
            "CANDIDATE",
            "CONFIRMED"
        ],
        "matrix": [
            [
                3980,
                640,
                269
            ],
            [
                416,
                5330,
                305
            ],
            [
                126,
                449,
                2959
            ]
        ]
    }
}