{
    "transit_midpoint": 12.64265661115061,
    "planet_radius": 10.74717208713514,
    "period": 9.929376492512658,
    "stellar_magnitude": 7.983385627336838,
    "ra": 7.74168246241507,
    "depth": 7.570993699989829,
    "planet_to_star_radius_ratio": 7.461794096116487,
    "equilibrium_temp": 6.697369665654436,
    "duration": 6.171344956798715,
    "dec": 5.977873612387891,
    "source_telescope_TESS": 5.105801784819581,
    "insolation_flux": 3.9182247054804415,
    "stellar_temp": 3.695152553916887,
    "stellar_radius": 2.561950656129624,
    "stellar_logg": 1.7915134487869504,
    "snr": 0.0037075393688418977
}