{
    "model_name": "Gradientboosting",
    "classification_report": {
        "FALSE POSITIVE": {
            "precision": 0.9609325771896661,
            "recall": 0.9357741869502966,
            "f1-score": 0.9481865284974094,
            "support": 4889.0
        },
        "CONFIRMED": {
            "precision": 0.9142779142779143,
            "recall": 0.9473833097595474,
            "f1-score": 0.9305362600722423,
            "support": 3535.0
        },
        "accuracy": 0.9406457739791073,
        "macro avg": {
            "precision": 0.9376052457337902,
            "recall": 0.9415787483549221,
            "f1-score": 0.9393613942848258,
            "support": 8424.0
        },
        "weighted avg": {
            "precision": 0.9413546767393998,
            "recall": 0.9406457739791073,
            "f1-score": 0.9407798690858512,
            "support": 8424.0
        }
    },
    "confusion_matrix": {
        "labels": [
            "FALSE POSITIVE",
            "CONFIRMED"
        ],
        "matrix": [
            [
                4575,
                314
            ],
            [
                186,
                3349
            ]
        ]
    }
}