{
    "ra": 9.88888888888889,
    "dec": 9.672592592592592,
    "period": 9.106666666666667,
    "transit_midpoint": 8.868888888888888,
    "snr": 8.644444444444446,
    "stellar_magnitude": 7.662962962962963,
    "duration": 7.3170370370370375,
    "equilibrium_temp": 7.268888888888888,
    "depth": 7.035555555555556,
    "stellar_temp": 5.362222222222222,
    "planet_radius": 4.685185185185185,
    "stellar_radius": 4.431111111111111,
    "stellar_logg": 3.457037037037037,
    "planet_to_star_radius_ratio": 3.3496296296296295,
    "insolation_flux": 3.202962962962963,
    "source_telescope_TESS": 0.045925925925925926
}