{
    "model_name": "Lightgbm",
    "classification_report": {
        "FALSE POSITIVE": {
            "precision": 0.9340241065764432,
            "recall": 0.9034567396195541,
            "f1-score": 0.9184861717612809,
            "support": 4889.0
        },
        "CANDIDATE": {
            "precision": 0.922037250700511,
            "recall": 0.9244752933399438,
            "f1-score": 0.9232546624855588,
            "support": 6051.0
        },
        "CONFIRMED": {
            "precision": 0.9110929853181077,
            "recall": 0.9482173174872666,
            "f1-score": 0.9292845257903494,
            "support": 3534.0
        },
        "accuracy": 0.9231725853254111,
        "macro avg": {
            "precision": 0.9223847808650206,
            "recall": 0.925383116815588,
            "f1-score": 0.9236751200123964,
            "support": 14474.0
        },
        "weighted avg": {
            "precision": 0.9234139747930921,
            "recall": 0.9231725853254111,
            "f1-score": 0.92311623397707,
            "support": 14474.0
        }
    },
    "confusion_matrix": {
        "labels": [
            "FALSE POSITIVE",
            "CANDIDATE",
            "CONFIRMED"
        ],
        "matrix": [
            [
                4417,
                330,
                142
            ],
            [
                272,
                5594,
                185
            ],
            [
                40,
                143,
                3351
            ]
        ]
    }
}