{
    "model_name": "Logisticregression",
    "classification_report": {
        "FALSE POSITIVE": {
            "precision": 0.8771132980065607,
            "recall": 0.7109838412763346,
            "f1-score": 0.7853592408495256,
            "support": 4889.0
        },
        "CONFIRMED": {
            "precision": 0.6832548755884331,
            "recall": 0.8622347949080622,
            "f1-score": 0.7623811905952976,
            "support": 3535.0
        },
        "accuracy": 0.7744539411206078,
        "macro avg": {
            "precision": 0.780184086797497,
            "recall": 0.7866093180921985,
            "f1-score": 0.7738702157224115,
            "support": 8424.0
        },
        "weighted avg": {
            "precision": 0.7957636395013279,
            "recall": 0.7744539411206078,
            "f1-score": 0.7757168610241818,
            "support": 8424.0
        }
    },
    "confusion_matrix": {
        "labels": [
            "FALSE POSITIVE",
            "CONFIRMED"
        ],
        "matrix": [
            [
                3476,
                1413
            ],
            [
                487,
                3048
            ]
        ]
    }
}