{
    "planet_radius": 13.702627843044013,
    "transit_midpoint": 13.51428227906302,
    "planet_to_star_radius_ratio": 10.63588367971547,
    "period": 8.62999422070083,
    "stellar_magnitude": 7.567560905614562,
    "equilibrium_temp": 7.1900992527900165,
    "depth": 7.1225072987470845,
    "source_telescope_TESS": 6.7433013402554325,
    "ra": 5.07972137769811,
    "duration": 4.725757475981908,
    "insolation_flux": 4.5570751153292095,
    "dec": 4.1155613048002175,
    "stellar_temp": 2.8386019971137135,
    "stellar_radius": 2.233673804834219,
    "stellar_logg": 1.342649684709934,
    "snr": 0.0007024196022718088
}