{
    "model_name": "Randomforest",
    "classification_report": {
        "FALSE POSITIVE": {
            "precision": 0.961764705882353,
            "recall": 0.802618122315402,
            "f1-score": 0.8750139368937451,
            "support": 4889.0
        },
        "CONFIRMED": {
            "precision": 0.7778545119705341,
            "recall": 0.9558698727015559,
            "f1-score": 0.8577230613021957,
            "support": 3535.0
        },
        "accuracy": 0.8669278252611586,
        "macro avg": {
            "precision": 0.8698096089264435,
            "recall": 0.8792439975084789,
            "f1-score": 0.8663684990979703,
            "support": 8424.0
        },
        "weighted avg": {
            "precision": 0.8845896660582456,
            "recall": 0.8669278252611586,
            "f1-score": 0.8677580910703682,
            "support": 8424.0
        }
    },
    "confusion_matrix": {
        "labels": [
            "FALSE POSITIVE",
            "CONFIRMED"
        ],
        "matrix": [
            [
                3924,
                965
            ],
            [
                156,
                3379
            ]
        ]
    }
}